{
    "mse": 1.6501337530159783,
    "mee": 1.3587462366664782
}