{
    "training_mse": 1.2483567321901814,
    "training_mee": 1.2434449547850037,
    "test_mse": 1.6508178659652226,
    "test_mee": 1.3582381415399136
}