{
    "tr_mse_mean": 1.2534276559775432,
    "tr_mse_dev": 0.039398834802582605,
    "tr_mee_mean": 1.2412638257929145,
    "tr_mee_dev": 0.02069959609007248,
    "val_mse_mean": 1.6883998834587424,
    "val_mse_dev": 0.3052470453173471,
    "val_mee_mean": 1.4184608204410005,
    "val_mee_dev": 0.12897025347281124,
    "split0_tr_mse": 1.1678880162010352,
    "split0_tr_mee": 1.1925698629754378,
    "split0_val_mse": 2.0341151378192435,
    "split0_val_mee": 1.60635284383006,
    "split0_best_epoch": "-",
    "split1_tr_mse": 1.2128096222119864,
    "split1_tr_mee": 1.2139740319835166,
    "split1_val_mse": 2.034211731988462,
    "split1_val_mee": 1.5218161697461285,
    "split1_best_epoch": "-",
    "split2_tr_mse": 1.3079134161075505,
    "split2_tr_mee": 1.2740505784626133,
    "split2_val_mse": 1.251107808948616,
    "split2_val_mee": 1.2460839819929193,
    "split2_best_epoch": "-",
    "split3_tr_mse": 1.287613129393032,
    "split3_tr_mee": 1.2633691985456166,
    "split3_val_mse": 1.6014808669811806,
    "split3_val_mee": 1.3448478537222335,
    "split3_best_epoch": "-",
    "split4_tr_mse": 1.2909140959741119,
    "split4_tr_mee": 1.2623554569973887,
    "split4_val_mse": 1.5210838715562094,
    "split4_val_mee": 1.3732032529136602,
    "split4_best_epoch": "-",
    "params": "ensemble"
}