{
    "mse": 3.4166061479639773,
    "mee": 2.2021436111384736
}